Date;ls_vnindex;ls_US;ls_EU;ls_TQ;ls_TL;ls_SI;fx_US;fx_EU;fx_TQ;fx_TL ;fx_SI;cpi_ US;cpi_ EU;cpi_ TQ;cpi_ TL;cpi_ SI;M2_US;M2_EU;M2_TQ;M2_SI
02/01/2001;2,69%;5,49%;5,02%;3,24%;1,50%;1,76%;0,13%;-1,26%;-1,26%;-1,26%;0,06%;3,72%;2,10%;0,00%;1,44%;1,31%;0,77%;0,53%;-0,97%;0,21%
03/01/2001;6,70%;5,31%;4,94%;3,24%;1,50%;2,11%;-0,14%;-5,03%;-5,02%;-4,41%;-3,52%;3,53%;2,08%;0,80%;1,44%;1,85%;1,15%;0,45%;1,86%;0,92%
04/01/2001;19,22%;4,80%;5,10%;3,24%;1,50%;2,13%;0,15%;1,28%;1,28%;-1,22%;-0,72%;2,98%;2,26%;1,60%;2,53%;1,98%;1,26%;0,68%;0,87%;0,64%
05/01/2001;25,91%;4,21%;5,26%;3,24%;1,50%;2,15%;0,65%;-4,12%;-4,12%;1,26%;1,31%;3,22%;2,77%;1,70%;2,77%;1,93%;-0,06%;0,39%;-0,67%;-0,57%
06/01/2001;23,75%;3,97%;5,21%;3,24%;2,50%;2,14%;1,25%;1,73%;1,74%;1,41%;0,49%;3,56%;3,12%;1,40%;2,16%;1,21%;0,79%;0,86%;6,33%;-0,83%
07/01/2001;-15,56%;3,77%;5,25%;3,24%;2,50%;2,15%;0,67%;3,77%;3,77%;-0,26%;1,77%;3,19%;2,93%;1,50%;2,16%;1,30%;0,58%;0,29%;0,96%;-2,07%
08/01/2001;-34,34%;3,65%;5,06%;3,24%;2,50%;2,10%;0,33%;4,48%;4,48%;4,14%;3,97%;2,72%;2,60%;1,00%;1,43%;0,71%;0,65%;0,46%;0,48%;0,26%
09/01/2001;-11,87%;3,07%;5,04%;3,24%;2,50%;1,67%;0,07%;-0,02%;-0,02%;-0,83%;-1,40%;2,72%;2,44%;-0,10%;1,31%;0,55%;2,12%;0,71%;1,25%;1,76%
10/01/2001;6,48%;2,49%;4,82%;3,24%;2,50%;0,65%;0,19%;-1,12%;-1,12%;-0,39%;-2,96%;2,59%;2,27%;0,20%;1,31%;0,22%;-0,21%;0,44%;-0,21%;0,47%
11/01/2001;10,85%;2,09%;4,67%;3,24%;2,50%;1,16%;0,23%;-0,12%;-0,13%;2,00%;-0,21%;2,13%;2,31%;-0,30%;0,95%;-0,21%;0,82%;0,77%;1,71%;3,06%
12/01/2001;-18,41%;1,82%;4,96%;3,24%;2,25%;1,15%;0,11%;-0,51%;-0,51%;-0,57%;-0,72%;1,89%;2,03%;-0,30%;0,72%;-0,59%;0,98%;0,58%;2,73%;-0,12%
01/01/2002;-11,83%;1,73%;5,02%;3,24%;2,00%;0,97%;0,09%;-3,56%;-3,56%;0,47%;0,42%;1,60%;2,10%;-1,01%;0,83%;-1,10%;0,37%;0,64%;0,86%;-0,78%
02/01/2002;-7,93%;1,74%;5,07%;2,70%;2,00%;0,93%;0,13%;1,30%;1,30%;1,03%;0,65%;1,20%;2,64%;-0,02%;0,36%;-0,62%;0,54%;0,11%;0,79%;0,11%
03/01/2002;4,74%;1,73%;5,32%;2,70%;2,00%;0,94%;0,32%;0,69%;0,68%;0,80%;-0,26%;1,14%;2,50%;-0,73%;0,59%;-0,89%;0,22%;0,25%;1,94%;1,61%
04/01/2002;4,16%;1,75%;5,30%;2,70%;2,00%;1,00%;0,20%;3,48%;3,48%;0,72%;1,66%;1,36%;2,53%;-1,22%;0,47%;-1,06%;0,00%;0,76%;0,31%;-1,01%
05/01/2002;-0,65%;1,75%;5,30%;2,70%;2,00%;0,97%;0,19%;3,96%;3,97%;2,33%;1,68%;1,64%;2,37%;-1,02%;0,23%;-0,34%;0,47%;0,46%;0,91%;-0,49%
06/01/2002;-2,44%;1,75%;5,16%;2,70%;2,00%;0,93%;0,16%;6,30%;6,30%;2,13%;1,38%;1,24%;2,08%;-0,72%;0,35%;0,14%;0,45%;0,36%;2,13%;-0,22%
07/01/2002;-2,22%;1,73%;5,03%;2,70%;2,00%;0,80%;0,30%;-1,08%;-1,07%;-0,89%;0,55%;1,07%;1,88%;-0,92%;0,24%;-0,43%;0,77%;0,54%;0,74%;-0,38%
08/01/2002;-2,99%;1,74%;4,73%;2,70%;2,00%;0,83%;0,07%;0,50%;0,50%;-0,44%;0,84%;1,47%;2,02%;-0,72%;0,35%;-0,44%;0,76%;0,50%;1,40%;-1,05%
09/01/2002;-4,97%;1,75%;4,52%;2,70%;2,00%;1,20%;0,09%;0,58%;0,57%;-2,30%;-1,55%;1,75%;2,16%;-0,63%;0,47%;-0,42%;0,43%;0,74%;2,15%;-0,15%
10/01/2002;-2,48%;1,75%;4,62%;2,70%;2,00%;0,95%;0,11%;0,50%;0,50%;0,02%;0,72%;1,52%;2,14%;-0,73%;1,53%;-0,20%;0,79%;0,54%;0,18%;0,63%
11/01/2002;0,15%;1,34%;4,59%;2,70%;1,75%;0,83%;0,14%;0,54%;0,53%;-0,27%;0,30%;2,03%;2,29%;-0,63%;1,30%;0,23%;0,88%;0,90%;1,38%;1,06%
12/01/2002;3,07%;1,24%;4,41%;2,70%;1,75%;0,82%;0,11%;5,67%;5,65%;0,96%;1,88%;2,25%;2,28%;-0,43%;1,66%;0,44%;0,37%;0,50%;2,93%;0,38%
01/01/2003;-5,97%;1,24%;4,27%;2,70%;1,75%;0,78%;0,19%;2,79%;2,79%;0,98%;0,11%;2,48%;2,31%;0,37%;2,24%;0,87%;0,56%;0,14%;2,80%;0,68%
02/01/2003;-4,51%;1,26%;4,06%;2,70%;1,75%;0,00%;-0,01%;0,26%;0,28%;0,00%;-0,04%;2,76%;2,15%;0,17%;2,00%;0,39%;0,62%;0,94%;-0,04%;0,30%
03/01/2003;-11,66%;1,25%;4,13%;2,70%;1,75%;0,00%;0,16%;1,35%;1,35%;0,05%;-1,39%;3,15%;2,39%;0,88%;1,76%;0,77%;0,35%;0,63%;2,30%;0,79%
04/01/2003;4,90%;1,26%;4,23%;2,70%;1,75%;0,00%;0,07%;2,45%;2,45%;0,18%;-0,46%;3,03%;2,42%;0,98%;1,52%;0,86%;0,64%;0,96%;0,84%;0,51%
05/01/2003;-0,20%;1,26%;3,92%;2,70%;1,75%;0,00%;0,06%;5,44%;5,44%;2,63%;2,44%;2,18%;2,10%;0,57%;1,87%;-0,09%;1,03%;0,81%;1,72%;-0,07%
06/01/2003;0,02%;1,22%;3,72%;2,70%;3,00%;0,64%;0,15%;-2,21%;-2,21%;-0,75%;-1,46%;1,89%;1,86%;0,27%;1,64%;-0,33%;0,62%;0,15%;2,72%;0,17%
07/01/2003;-3,91%;1,01%;4,06%;2,70%;1,25%;0,66%;0,11%;-2,32%;-2,32%;0,37%;0,13%;1,95%;2,03%;0,47%;1,76%;0,27%;0,78%;0,53%;0,62%;0,58%
08/01/2003;-2,47%;1,03%;4,20%;2,70%;1,25%;0,82%;0,04%;-2,20%;-2,19%;2,08%;0,53%;2,06%;1,98%;0,87%;2,22%;0,46%;0,96%;0,73%;2,13%;0,12%
09/01/2003;-2,38%;1,01%;4,23%;2,70%;1,25%;0,78%;0,22%;6,43%;6,43%;3,01%;1,48%;2,22%;2,06%;1,07%;1,75%;0,69%;-0,46%;0,13%;1,41%;-0,44%
10/01/2003;-2,23%;1,01%;4,31%;2,70%;1,25%;0,82%;0,57%;-0,09%;-0,09%;0,77%;-0,01%;2,38%;2,17%;1,78%;1,28%;0,65%;-0,15%;0,64%;0,42%;3,75%
11/01/2003;20,31%;1,00%;4,44%;2,70%;1,25%;0,91%;-0,10%;3,43%;3,42%;-0,04%;0,84%;2,04%;2,08%;2,90%;1,86%;0,56%;0,09%;0,33%;0,88%;0,72%
12/01/2003;1,87%;0,98%;4,36%;2,70%;1,25%;0,83%;0,10%;5,07%;5,07%;0,86%;1,60%;1,93%;2,19%;3,21%;1,75%;0,75%;-0,03%;0,40%;2,25%;0,70%
01/01/2004;28,38%;1,00%;4,26%;2,70%;1,25%;0,84%;0,34%;-0,60%;-0,60%;1,28%;0,59%;2,04%;2,02%;3,21%;1,27%;0,67%;0,14%;0,41%;1,75%;2,88%
02/01/2004;21,59%;1,01%;4,18%;2,70%;1,25%;0,75%;0,38%;0,55%;0,55%;0,32%;0,14%;2,03%;1,83%;2,08%;2,20%;2,02%;0,64%;0,41%;0,87%;0,27%
03/01/2004;6,46%;1,00%;4,02%;2,70%;1,25%;0,74%;-0,21%;-1,64%;-1,64%;-0,13%;1,20%;1,69%;1,67%;3,01%;2,31%;0,99%;0,59%;0,66%;2,03%;0,35%
04/01/2004;-4,69%;1,00%;4,24%;2,70%;1,25%;0,72%;-0,02%;-2,71%;-2,71%;-2,03%;-1,71%;1,74%;1,72%;3,73%;2,53%;1,46%;0,67%;0,46%;0,85%;1,22%
05/01/2004;-4,70%;1,00%;4,39%;2,70%;1,25%;0,88%;0,15%;1,85%;1,86%;-1,09%;0,47%;2,29%;2,09%;4,36%;2,41%;2,36%;1,24%;0,27%;0,52%;0,08%
06/01/2004;-0,91%;1,03%;4,44%;2,70%;1,25%;0,93%;-0,12%;-0,11%;-0,10%;-1,06%;-1,31%;2,90%;2,48%;4,88%;3,11%;1,86%;0,04%;0,55%;1,53%;0,02%
07/01/2004;-4,51%;1,26%;4,34%;2,70%;1,25%;1,05%;0,17%;-1,23%;-1,24%;-0,72%;0,13%;3,17%;2,40%;5,20%;3,23%;2,04%;0,22%;0,66%;-0,13%;-0,03%
08/01/2004;-2,54%;1,43%;4,17%;2,70%;1,50%;1,35%;0,08%;1,49%;1,49%;-0,71%;0,54%;2,94%;2,35%;5,20%;3,09%;1,79%;0,42%;0,32%;0,67%;-0,53%
09/01/2004;0,35%;1,61%;4,11%;2,70%;1,50%;1,45%;-0,10%;1,93%;1,93%;0,45%;1,48%;2,55%;2,39%;5,10%;3,56%;1,89%;0,55%;0,84%;1,68%;-1,21%
10/01/2004;-0,26%;1,76%;3,98%;3,33%;1,75%;1,35%;0,03%;2,86%;2,86%;0,91%;1,33%;2,54%;2,15%;4,16%;3,44%;1,92%;0,44%;0,62%;-0,01%;0,98%
11/01/2004;-1,30%;1,93%;3,87%;3,33%;1,75%;1,32%;0,15%;4,12%;4,12%;4,27%;1,66%;3,19%;2,39%;2,82%;2,97%;1,76%;0,42%;0,45%;1,39%;0,56%
12/01/2004;4,24%;2,16%;3,69%;3,33%;2,00%;1,33%;0,00%;2,01%;2,01%;1,39%;0,34%;3,62%;2,28%;2,31%;2,97%;1,31%;0,29%;0,56%;2,46%;1,54%
01/01/2005;-2,49%;2,28%;3,63%;3,33%;2,00%;1,55%;0,08%;-3,81%;-3,81%;0,92%;-0,26%;3,34%;2,36%;1,80%;2,74%;0,39%;0,10%;0,89%;1,78%;-0,71%
02/01/2005;0,76%;2,50%;3,62%;3,33%;2,00%;1,83%;0,11%;1,71%;1,71%;0,92%;1,06%;2,84%;1,95%;3,84%;2,49%;-0,02%;0,13%;0,53%;0,64%;0,66%
03/01/2005;4,85%;2,63%;3,76%;3,33%;2,25%;1,94%;0,10%;-1,99%;-1,99%;-2,15%;-1,64%;3,05%;2,08%;2,60%;3,28%;0,42%;0,14%;0,46%;2,02%;1,73%
04/01/2005;-0,11%;2,79%;3,57%;3,33%;2,25%;2,09%;0,06%;-0,65%;-0,65%;-0,77%;0,87%;3,21%;2,19%;1,78%;3,48%;0,36%;0,22%;0,74%;0,91%;0,26%
05/01/2005;-0,82%;3,00%;3,41%;3,33%;2,25%;2,03%;0,20%;-4,19%;-4,19%;-2,72%;-1,54%;3,36%;2,09%;1,68%;3,70%;-0,04%;0,27%;0,71%;0,84%;-0,02%
06/01/2005;1,05%;3,04%;3,25%;3,33%;2,50%;1,97%;-0,06%;-1,73%;-1,73%;-1,74%;-1,16%;2,87%;1,99%;1,58%;3,80%;-0,17%;0,50%;1,09%;2,43%;1,31%
07/01/2005;-0,52%;3,26%;3,32%;3,33%;2,75%;1,90%;0,17%;0,39%;2,50%;-0,62%;1,50%;2,54%;2,05%;1,78%;5,36%;0,08%;0,49%;1,04%;0,43%;0,69%
08/01/2005;3,65%;3,50%;3,32%;3,33%;2,75%;1,95%;-0,04%;1,74%;1,82%;0,88%;-1,12%;3,07%;2,15%;1,28%;5,56%;0,68%;0,50%;0,50%;1,56%;0,12%
09/01/2005;13,69%;3,62%;3,16%;3,33%;3,25%;2,25%;0,18%;-2,36%;-2,26%;0,75%;-0,46%;3,65%;2,19%;0,87%;5,98%;0,62%;0,52%;1,12%;2,19%;0,90%
10/01/2005;6,25%;3,78%;3,32%;3,33%;3,75%;2,35%;-0,03%;-0,41%;-0,30%;0,62%;-0,13%;4,74%;2,60%;1,28%;6,31%;1,06%;0,52%;0,35%;0,05%;0,89%
11/01/2005;1,28%;4,00%;3,53%;3,33%;3,75%;2,88%;0,08%;-1,56%;-1,50%;-1,05%;0,23%;4,35%;2,47%;1,28%;5,89%;0,97%;0,25%;0,42%;1,65%;0,06%
12/01/2005;-1,23%;4,16%;3,41%;3,33%;4,00%;2,85%;0,04%;0,48%;0,58%;0,57%;1,73%;3,34%;2,31%;1,58%;5,78%;1,26%;0,40%;1,10%;2,19%;0,17%
01/01/2006;1,57%;4,29%;3,39%;3,33%;4,25%;2,80%;0,03%;2,67%;2,77%;5,41%;2,54%;3,34%;2,27%;2,29%;5,88%;1,73%;0,63%;0,51%;1,60%;-0,30%
02/01/2006;25,08%;4,49%;3,55%;3,33%;4,25%;2,78%;-0,05%;-1,98%;-1,72%;-0,51%;-0,03%;4,02%;2,45%;0,98%;5,52%;1,19%;0,36%;0,83%;0,32%;2,24%
03/01/2006;28,90%;4,59%;3,73%;3,33%;4,50%;2,90%;0,09%;1,75%;2,04%;0,70%;0,48%;3,64%;2,37%;0,98%;5,69%;1,15%;0,21%;0,75%;1,96%;1,54%
04/01/2006;18,25%;4,79%;4,01%;3,33%;4,75%;3,03%;0,11%;4,40%;4,44%;3,70%;2,29%;3,42%;2,21%;1,49%;6,08%;1,08%;0,55%;1,18%;1,03%;1,50%
05/01/2006;-9,50%;4,94%;4,06%;3,33%;4,75%;2,86%;0,09%;1,46%;1,33%;-1,55%;0,20%;3,61%;2,46%;1,59%;6,26%;1,09%;0,10%;0,35%;0,96%;2,44%
06/01/2006;-4,33%;4,99%;4,08%;3,33%;5,00%;2,85%;0,24%;0,08%;0,48%;0,33%;0,04%;3,98%;2,52%;1,90%;5,92%;1,38%;0,56%;0,73%;1,91%;0,41%
07/01/2006;-18,07%;5,24%;4,10%;3,33%;5,00%;2,95%;0,06%;-0,12%;0,16%;0,75%;0,28%;4,18%;2,48%;1,59%;4,34%;1,09%;0,60%;0,09%;0,39%;0,31%
08/01/2006;16,28%;5,25%;3,97%;3,33%;5,00%;3,20%;0,05%;0,34%;0,53%;0,80%;0,44%;4,10%;2,47%;1,69%;3,79%;0,67%;0,45%;0,59%;1,20%;2,10%
09/01/2006;7,24%;5,25%;3,84%;3,33%;5,00%;3,16%;0,22%;-0,80%;-0,20%;0,26%;-0,71%;3,93%;2,32%;1,49%;2,72%;0,44%;0,39%;1,24%;1,21%;0,78%
10/01/2006;-2,88%;5,25%;3,88%;3,33%;5,00%;3,24%;0,12%;0,84%;1,21%;2,52%;2,08%;2,01%;1,79%;1,19%;2,81%;0,42%;0,71%;0,22%;0,27%;2,24%
11/01/2006;23,75%;5,25%;3,80%;3,33%;5,00%;3,01%;0,00%;3,74%;4,35%;2,21%;1,14%;1,41%;1,61%;1,80%;3,46%;0,54%;0,50%;0,86%;1,43%;1,59%
12/01/2006;18,75%;5,24%;3,90%;3,33%;5,00%;3,07%;-0,09%;-0,40%;-0,07%;1,17%;0,34%;1,97%;1,89%;2,81%;3,47%;0,81%;0,61%;1,63%;2,39%;3,05%
01/01/2007;38,52%;5,25%;4,10%;3,33%;4,75%;3,03%;-0,04%;-1,29%;-0,88%;1,98%;-0,22%;2,52%;1,93%;2,20%;3,04%;-0,58%;0,54%;0,63%;1,71%;1,42%
02/01/2007;9,25%;5,26%;4,12%;3,33%;4,50%;2,95%;-0,31%;1,24%;1,72%;1,82%;0,14%;2,08%;1,87%;2,71%;2,41%;-0,04%;0,22%;0,51%;2,04%;2,64%
03/01/2007;-5,83%;5,26%;4,02%;3,33%;4,50%;2,53%;0,09%;1,01%;1,11%;5,35%;0,85%;2,42%;1,87%;3,33%;1,97%;0,23%;0,47%;1,28%;1,52%;2,47%
04/01/2007;-13,76%;5,25%;4,25%;3,33%;4,00%;2,41%;0,21%;2,37%;2,71%;-1,40%;0,05%;2,80%;1,95%;3,02%;1,84%;0,45%;1,01%;0,37%;0,88%;1,65%
05/01/2007;17,06%;5,25%;4,37%;3,33%;3,50%;2,12%;0,26%;-1,17%;-0,42%;0,10%;-0,31%;2,59%;1,93%;3,44%;1,93%;1,26%;0,19%;0,98%;0,65%;1,76%
06/01/2007;-5,25%;5,25%;4,66%;3,33%;3,50%;2,29%;0,26%;0,92%;1,37%;4,06%;0,05%;2,71%;1,89%;4,37%;1,93%;1,71%;0,46%;1,00%;2,19%;1,43%
07/01/2007;-11,39%;5,26%;4,63%;3,33%;3,25%;2,42%;0,06%;1,05%;1,59%;5,90%;1,08%;2,69%;1,92%;5,63%;1,83%;2,97%;0,42%;1,01%;1,60%;-0,44%
08/01/2007;0,05%;5,02%;4,43%;3,33%;3,25%;2,36%;0,62%;0,28%;0,65%;-7,37%;0,02%;2,32%;1,80%;6,58%;1,12%;3,45%;1,04%;0,60%;0,86%;0,00%
09/01/2007;15,25%;4,94%;4,37%;3,33%;3,25%;2,18%;-0,99%;3,68%;4,22%;0,99%;1,66%;1,90%;1,77%;6,36%;2,03%;3,01%;0,25%;0,87%;1,52%;0,62%
10/01/2007;1,74%;4,76%;4,40%;3,33%;3,25%;2,16%;-0,07%;1,40%;1,87%;0,64%;2,51%;2,83%;2,17%;6,58%;2,53%;4,06%;0,19%;1,48%;0,28%;0,55%
11/01/2007;-8,71%;4,49%;4,25%;3,33%;3,25%;2,22%;-0,18%;0,87%;1,87%;2,99%;-0,15%;3,61%;2,59%;7,00%;3,04%;4,86%;0,33%;0,77%;1,41%;0,34%
12/01/2007;-4,66%;4,24%;4,38%;3,33%;3,25%;2,05%;-0,07%;-0,40%;0,88%;2,09%;0,36%;4,37%;3,09%;6,58%;3,25%;3,82%;0,40%;0,45%;0,91%;0,28%
01/01/2008;-8,94%;3,94%;4,23%;4,14%;3,25%;1,50%;-0,36%;1,55%;3,27%;-4,34%;1,38%;4,11%;3,11%;7,11%;4,27%;6,63%;0,45%;1,15%;3,58%;0,71%
02/01/2008;-21,42%;2,98%;4,14%;4,14%;3,25%;1,33%;-0,25%;1,88%;2,89%;0,47%;1,29%;4,29%;3,27%;8,80%;5,41%;6,56%;1,13%;0,87%;0,76%;2,18%
03/01/2008;-22,08%;2,61%;4,07%;4,14%;3,25%;0,97%;1,13%;5,06%;6,55%;-0,14%;2,50%;4,14%;3,33%;8,37%;5,38%;6,72%;0,86%;0,42%;0,48%;2,31%
04/01/2008;1,07%;2,28%;4,28%;4,14%;3,25%;1,07%;0,07%;-0,92%;-0,59%;-0,51%;1,56%;3,97%;3,66%;8,59%;6,13%;7,57%;0,56%;1,05%;1,48%;1,61%
05/01/2008;-20,73%;1,98%;4,42%;4,14%;3,25%;1,04%;0,77%;0,36%;1,02%;-1,82%;0,35%;3,90%;3,34%;7,83%;7,58%;7,53%;0,16%;0,77%;1,61%;-1,21%
06/01/2008;-3,55%;2,00%;4,81%;4,14%;3,25%;1,14%;3,67%;5,01%;6,36%;0,75%;3,88%;4,09%;3,74%;7,18%;8,77%;7,54%;0,23%;0,33%;1,59%;0,39%
07/01/2008;13,01%;2,01%;4,81%;4,14%;3,50%;0,76%;-0,46%;-1,43%;-1,10%;-0,72%;-1,04%;4,94%;4,03%;6,33%;9,17%;6,58%;0,60%;0,66%;0,73%;1,51%
08/01/2008;19,44%;2,00%;4,50%;4,14%;3,75%;1,11%;-1,43%;-7,29%;-7,52%;-3,46%;-4,80%;5,50%;4,12%;4,97%;6,52%;6,43%;0,19%;0,48%;0,56%;-0,84%
09/01/2008;-15,28%;1,81%;4,50%;4,14%;3,75%;1,72%;0,45%;-3,38%;-3,33%;1,55%;-0,87%;5,31%;3,90%;4,65%;6,08%;6,75%;0,89%;0,99%;0,90%;2,17%
10/01/2008;-24,01%;0,97%;4,42%;4,14%;3,75%;1,19%;1,81%;-8,15%;-8,08%;-1,66%;-1,48%;4,95%;3,71%;4,03%;3,85%;6,42%;1,35%;1,85%;0,05%;2,12%
11/01/2008;-9,31%;0,39%;4,20%;3,06%;3,75%;0,74%;0,43%;0,16%;0,36%;-0,76%;-1,61%;3,73%;3,23%;2,48%;2,17%;5,54%;0,63%;0,31%;1,22%;0,07%
12/01/2008;0,28%;0,16%;3,89%;2,79%;2,75%;0,70%;3,01%;13,40%;13,45%;5,04%;8,83%;1,10%;2,19%;1,26%;0,39%;5,37%;2,20%;0,08%;3,60%;0,48%
01/01/2009;-3,93%;0,15%;4,10%;2,79%;2,00%;0,47%;0,01%;-8,57%;-8,73%;-0,53%;-5,06%;-0,02%;1,66%;0,96%;-0,40%;4,27%;1,00%;0,59%;4,41%;1,35%
02/01/2009;-18,95%;0,22%;4,20%;2,79%;1,50%;0,43%;-0,02%;-0,90%;-0,97%;-3,38%;-2,54%;-0,11%;1,18%;-1,60%;-0,10%;3,24%;0,36%;0,28%;2,13%;0,73%
03/01/2009;14,21%;0,18%;4,14%;2,79%;1,50%;0,43%;1,75%;6,41%;6,50%;3,74%;3,45%;0,01%;1,24%;-1,20%;-0,24%;2,57%;0,80%;-0,23%;4,72%;2,61%
04/01/2009;14,59%;0,15%;4,09%;2,79%;1,25%;0,31%;-0,02%;-0,18%;0,04%;0,59%;2,80%;-0,45%;0,63%;-1,50%;-0,99%;0,32%;0,04%;0,65%;1,86%;-0,01%
05/01/2009;27,99%;0,18%;4,13%;2,79%;1,25%;0,35%;-0,04%;6,96%;6,80%;2,78%;2,49%;-0,58%;0,65%;-1,40%;-3,31%;0,24%;0,69%;-0,06%;1,43%;0,26%
06/01/2009;8,90%;0,21%;4,32%;2,79%;1,25%;0,37%;-0,01%;-0,84%;-0,88%;0,72%;-0,24%;-1,02%;0,07%;-1,70%;-4,06%;-0,02%;0,12%;0,16%;3,78%;1,76%
07/01/2009;4,12%;0,16%;4,09%;2,79%;1,25%;0,35%;0,23%;1,76%;1,73%;0,33%;0,87%;-1,23%;-0,11%;-1,79%;-4,41%;-0,25%;0,05%;0,36%;0,73%;0,60%
08/01/2009;17,14%;0,16%;3,89%;2,79%;1,25%;0,35%;0,03%;0,61%;0,64%;0,05%;-0,17%;-1,96%;-0,62%;-1,20%;-1,02%;-0,28%;0,00%;-0,08%;0,63%;-0,17%
09/01/2009;6,24%;0,15%;3,87%;2,79%;1,25%;0,38%;0,12%;2,25%;2,31%;1,86%;2,42%;-1,48%;-0,14%;-0,81%;-1,00%;-0,41%;-0,01%;0,15%;1,51%;0,99%
10/01/2009;1,07%;0,12%;3,80%;2,79%;1,25%;0,55%;0,56%;1,11%;1,10%;0,51%;1,18%;-1,38%;-0,32%;-0,61%;0,34%;-0,91%;0,32%;0,08%;0,21%;0,23%
11/01/2009;-14,14%;0,12%;3,84%;2,79%;1,25%;0,50%;2,48%;5,07%;5,07%;3,16%;3,69%;-0,22%;-0,12%;0,50%;1,92%;-0,79%;0,35%;-0,18%;1,36%;0,81%
12/01/2009;-1,85%;0,12%;3,87%;2,79%;1,25%;0,60%;0,48%;-4,65%;-4,65%;0,11%;-1,02%;1,91%;0,47%;1,70%;3,50%;-0,53%;-0,06%;0,33%;1,95%;1,65%
01/01/2010;-2,59%;0,11%;4,10%;2,79%;1,25%;0,47%;0,00%;-3,16%;-3,16%;0,56%;-0,13%;2,81%;0,92%;1,40%;4,11%;0,20%;-0,45%;0,15%;3,20%;0,87%
02/01/2010;3,10%;0,13%;4,11%;2,79%;1,25%;0,39%;3,12%;1,45%;1,46%;3,49%;3,19%;2,62%;0,91%;2,62%;3,66%;0,95%;0,58%;0,10%;1,67%;-0,20%
03/01/2010;0,47%;0,16%;3,99%;2,79%;1,25%;0,39%;0,21%;-0,74%;-0,74%;2,39%;0,70%;2,15%;0,82%;2,20%;3,45%;1,61%;-0,03%;0,02%;2,18%;1,69%
04/01/2010;8,64%;0,20%;4,15%;2,79%;1,25%;0,44%;-0,60%;-2,16%;-2,15%;-0,59%;1,46%;2,29%;1,55%;2,62%;2,96%;3,20%;0,36%;0,42%;1,02%;0,14%
05/01/2010;-6,44%;0,20%;3,68%;2,79%;1,25%;0,34%;-0,53%;-7,96%;-8,00%;-1,09%;-2,56%;2,21%;1,61%;2,82%;3,38%;3,24%;0,64%;0,23%;1,03%;0,29%
06/01/2010;-0,06%;0,18%;3,69%;2,79%;1,25%;0,37%;1,09%;0,52%;1,20%;1,44%;1,04%;2,00%;1,69%;2,72%;3,32%;2,71%;0,22%;0,36%;1,59%;0,24%
07/01/2010;-2,61%;0,18%;3,61%;2,79%;1,50%;0,32%;-0,16%;6,60%;6,73%;0,38%;2,71%;1,12%;1,48%;3,13%;3,48%;3,14%;0,11%;0,21%;0,02%;0,74%
08/01/2010;-7,86%;0,19%;3,44%;2,79%;1,75%;0,33%;2,31%;-0,63%;-1,12%;5,48%;2,69%;1,34%;1,72%;3,23%;3,28%;3,25%;0,58%;0,45%;2,00%;0,49%
09/01/2010;-0,12%;0,19%;3,49%;2,79%;1,75%;0,34%;-0,21%;7,35%;9,21%;2,84%;2,87%;1,15%;1,57%;3,43%;2,99%;3,67%;0,36%;0,00%;1,30%;0,95%
10/01/2010;-0,42%;0,19%;3,33%;2,79%;1,75%;0,41%;0,15%;2,33%;2,65%;1,51%;1,81%;1,12%;1,86%;4,26%;2,90%;3,51%;0,57%;0,24%;0,47%;1,96%
11/01/2010;-0,23%;0,19%;3,72%;2,79%;1,75%;0,41%;0,09%;-6,86%;-6,81%;-0,72%;-1,91%;1,17%;1,95%;5,09%;2,80%;3,80%;0,24%;0,20%;1,51%;0,70%
12/01/2010;7,32%;0,18%;4,07%;3,25%;2,00%;0,45%;-0,02%;3,05%;4,25%;0,38%;2,85%;1,08%;1,92%;4,57%;3,06%;4,59%;0,36%;0,23%;2,18%;0,41%
01/01/2011;5,35%;0,17%;3,94%;3,25%;2,25%;0,42%;0,00%;2,35%;2,12%;-2,72%;0,32%;1,44%;2,22%;5,00%;3,04%;5,51%;0,24%;0,16%;1,11%;0,79%
02/01/2011;-9,64%;0,16%;4,48%;3,25%;2,25%;0,40%;7,08%;7,93%;8,48%;8,16%;7,72%;1,70%;2,33%;5,07%;2,87%;4,99%;0,72%;0,10%;0,31%;0,01%
03/01/2011;-0,05%;0,14%;4,49%;3,25%;2,50%;0,34%;0,02%;2,67%;3,03%;1,15%;0,85%;2,12%;2,43%;5,60%;3,14%;5,04%;0,64%;0,14%;2,99%;1,72%
04/01/2011;4,11%;0,10%;4,66%;3,25%;2,75%;0,45%;-1,48%;2,93%;3,85%;-0,15%;1,45%;2,62%;2,68%;5,50%;4,05%;4,46%;0,69%;-0,03%;-0,10%;2,23%
05/01/2011;-12,23%;0,09%;4,37%;3,25%;2,75%;0,41%;-0,34%;-3,06%;-2,89%;-1,82%;-1,07%;3,08%;2,84%;5,70%;4,20%;4,48%;0,78%;0,30%;0,80%;0,06%
06/01/2011;2,65%;0,09%;4,38%;3,25%;3,00%;0,40%;0,05%;0,81%;1,04%;-1,25%;0,53%;3,46%;2,73%;6,67%;4,06%;5,24%;0,83%;0,16%;2,28%;0,19%
07/01/2011;-6,21%;0,07%;4,60%;3,25%;3,25%;0,31%;0,34%;-0,41%;0,01%;3,55%;2,30%;3,50%;2,72%;6,71%;4,09%;5,44%;1,81%;0,19%;-1,01%;1,84%
08/01/2011;4,69%;0,10%;4,21%;3,25%;3,50%;0,15%;1,21%;1,09%;2,01%;0,61%;1,21%;3,58%;2,57%;6,37%;4,29%;5,71%;2,05%;0,55%;1,03%;-0,01%
09/01/2011;0,68%;0,08%;4,04%;3,25%;3,50%;0,21%;-0,02%;-6,93%;-6,98%;-4,00%;-7,92%;3,75%;2,57%;6,24%;4,02%;5,46%;0,22%;0,40%;0,84%;0,82%
10/01/2011;-1,59%;0,07%;4,08%;3,25%;3,50%;0,30%;0,84%;4,40%;4,85%;2,38%;5,09%;3,81%;3,00%;5,60%;4,19%;5,42%;0,35%;-0,22%;3,74%;1,08%
11/01/2011;-9,53%;0,08%;4,39%;3,25%;3,25%;0,33%;0,00%;-3,02%;-3,38%;-0,45%;-2,13%;3,52%;3,03%;4,25%;4,19%;5,66%;0,53%;0,16%;1,06%;0,60%
12/01/2011;-7,65%;0,07%;4,09%;3,25%;3,25%;0,40%;0,15%;-3,56%;-2,26%;-2,01%;-1,00%;3,45%;3,04%;4,03%;3,53%;5,53%;0,49%;0,22%;3,16%;0,27%
01/01/2012;10,36%;0,08%;3,91%;3,25%;3,00%;0,33%;-0,15%;0,89%;0,65%;1,63%;2,94%;3,06%;2,76%;4,54%;3,38%;4,80%;0,76%;0,44%;0,51%;0,71%
02/01/2012;9,19%;0,10%;3,75%;3,25%;3,00%;0,34%;-0,81%;1,09%;1,33%;0,92%;-0,25%;3,01%;2,66%;3,13%;3,34%;4,60%;0,54%;0,41%;1,32%;-0,38%
03/01/2012;4,10%;0,13%;3,28%;3,25%;3,00%;0,31%;-0,05%;0,09%;0,02%;-1,31%;-0,61%;2,90%;2,74%;3,52%;3,45%;5,25%;0,46%;0,50%;3,27%;1,96%
04/01/2012;7,42%;0,14%;3,38%;3,25%;3,00%;0,26%;0,05%;-0,72%;-0,91%;0,41%;1,72%;2,58%;2,68%;3,33%;2,47%;5,45%;0,55%;-0,19%;-0,67%;-0,89%
05/01/2012;-9,41%;0,16%;3,53%;3,25%;3,00%;0,28%;-0,05%;-6,71%;-7,58%;-3,56%;-4,03%;2,27%;2,58%;2,94%;2,53%;5,04%;0,44%;0,48%;1,17%;0,38%
06/01/2012;-1,59%;0,16%;3,41%;3,25%;3,00%;0,27%;0,29%;2,73%;2,98%;1,24%;2,16%;1,74%;2,43%;2,06%;2,56%;5,29%;0,71%;0,34%;2,77%;-0,01%
07/01/2012;-1,87%;0,16%;3,25%;3,25%;3,00%;0,23%;-0,14%;-2,96%;-3,09%;-0,02%;1,46%;1,65%;2,36%;1,70%;2,73%;4,00%;0,53%;0,60%;-0,64%;1,21%
08/01/2012;-4,45%;0,13%;3,01%;3,25%;3,00%;0,24%;-0,29%;1,96%;2,17%;0,29%;-0,50%;1,42%;2,41%;2,08%;2,69%;3,90%;0,69%;0,18%;0,63%;1,28%
09/01/2012;-0,87%;0,14%;2,42%;3,25%;3,00%;0,29%;0,41%;2,61%;3,66%;2,07%;2,04%;1,69%;2,62%;1,91%;3,38%;4,69%;0,79%;0,36%;2,03%;-0,27%
10/01/2012;-1,06%;0,16%;2,31%;3,25%;2,75%;0,30%;-0,24%;0,58%;1,34%;0,15%;0,39%;1,95%;2,61%;1,71%;3,32%;4,05%;0,65%;0,79%;-0,77%;0,45%
11/01/2012;-2,73%;0,16%;2,25%;3,25%;2,75%;0,30%;0,05%;0,41%;0,58%;0,05%;0,04%;2,16%;2,50%;2,07%;2,74%;3,60%;0,68%;0,30%;0,90%;1,41%
12/01/2012;9,50%;0,16%;2,10%;0,00%;2,75%;0,29%;-0,07%;1,38%;1,32%;0,29%;-0,15%;1,80%;2,19%;2,53%;3,63%;4,32%;1,18%;0,29%;3,10%;1,20%
01/01/2013;15,97%;0,14%;2,39%;3,25%;2,75%;0,28%;-0,05%;2,88%;3,07%;2,57%;-1,35%;1,76%;2,22%;2,02%;3,39%;3,56%;0,22%;0,16%;1,85%;1,90%
02/01/2013;-1,09%;0,15%;2,86%;3,25%;2,75%;0,27%;0,58%;-3,24%;-3,28%;0,71%;0,50%;1,68%;1,99%;3,24%;3,23%;4,88%;0,18%;0,39%;0,65%;0,69%
03/01/2013;3,47%;0,14%;3,03%;3,25%;2,75%;0,27%;-0,02%;-1,92%;-1,75%;1,62%;-0,20%;2,02%;1,85%;2,12%;2,69%;3,54%;0,54%;0,35%;3,73%;0,91%
04/01/2013;-3,37%;0,15%;2,86%;3,25%;2,75%;0,25%;-0,55%;2,15%;2,91%;-0,48%;0,15%;1,52%;1,74%;2,42%;2,42%;1,46%;0,27%;0,31%;-0,32%;0,06%
05/01/2013;9,25%;0,11%;2,69%;3,25%;2,75%;0,28%;0,86%;-0,44%;0,05%;-2,95%;-1,76%;1,14%;1,18%;2,09%;2,27%;1,61%;0,33%;0,22%;0,93%;0,65%
06/01/2013;-7,19%;0,09%;3,07%;3,25%;2,75%;0,34%;0,86%;0,96%;0,91%;-1,44%;0,59%;1,39%;1,43%;2,66%;2,25%;1,81%;0,54%;-0,02%;1,17%;-0,74%
07/01/2013;2,23%;0,09%;3,10%;3,25%;2,75%;0,29%;-0,14%;2,10%;2,25%;-0,84%;-0,38%;1,72%;1,61%;2,67%;2,00%;1,85%;0,37%;0,22%;-0,21%;-0,33%
08/01/2013;-3,89%;0,08%;3,10%;3,25%;2,50%;0,30%;-0,09%;-0,68%;-0,53%;-2,55%;-0,42%;1,89%;1,60%;2,52%;1,59%;2,04%;0,54%;0,39%;0,86%;1,03%
09/01/2013;4,22%;0,08%;3,41%;3,25%;2,50%;0,29%;-0,04%;2,25%;2,24%;2,91%;1,48%;1,54%;1,33%;3,02%;1,42%;1,61%;0,56%;0,19%;1,52%;0,07%
10/01/2013;0,97%;0,09%;3,16%;3,25%;2,50%;0,30%;-0,15%;0,27%;0,69%;0,07%;1,00%;1,09%;1,08%;3,23%;1,46%;1,98%;1,15%;0,21%;-0,66%;0,03%
11/01/2013;2,08%;0,08%;3,17%;3,25%;2,25%;0,29%;0,05%;0,10%;0,13%;-2,73%;-1,02%;0,88%;0,73%;2,95%;1,92%;2,57%;0,07%;0,17%;0,84%;-0,36%
12/01/2013;-0,62%;0,09%;3,31%;3,25%;2,25%;0,30%;-0,07%;1,08%;1,72%;-2,06%;-0,70%;1,23%;0,85%;2,51%;1,67%;1,50%;0,60%;-0,25%;2,53%;0,35%
01/01/2014;10,28%;0,07%;3,21%;3,25%;2,25%;0,35%;-0,19%;-2,08%;-2,18%;-1,19%;-1,26%;1,51%;0,85%;2,51%;1,93%;1,41%;0,64%;0,28%;1,54%;1,04%
02/01/2014;5,38%;0,07%;3,09%;3,25%;2,25%;0,29%;0,21%;2,57%;1,15%;1,72%;0,92%;1,56%;0,76%;1,91%;1,96%;0,38%;0,59%;0,31%;0,73%;-0,49%
03/01/2014;0,87%;0,08%;2,89%;3,25%;2,00%;0,32%;-0,02%;-0,26%;-1,40%;0,38%;0,80%;1,12%;0,70%;2,31%;2,11%;1,20%;0,33%;0,21%;2,56%;0,53%
04/01/2014;-2,29%;0,09%;2,61%;3,25%;2,00%;0,38%;-0,07%;0,63%;-0,06%;0,08%;0,24%;1,61%;0,46%;1,70%;2,45%;2,50%;0,40%;0,01%;0,70%;-0,49%
05/01/2014;-2,76%;0,09%;2,56%;3,25%;2,00%;0,36%;0,36%;-1,35%;-1,16%;-1,08%;0,31%;2,02%;0,70%;2,41%;2,62%;2,70%;0,58%;0,54%;1,15%;-0,90%
06/01/2014;2,87%;0,10%;2,28%;3,25%;2,00%;0,35%;0,78%;1,23%;1,94%;2,02%;1,37%;2,17%;0,48%;2,31%;2,35%;1,80%;0,49%;0,27%;2,31%;0,09%
07/01/2014;3,10%;0,09%;2,16%;3,25%;2,00%;0,35%;-0,47%;-2,53%;-2,06%;0,24%;-0,52%;2,06%;0,49%;2,21%;2,16%;1,20%;0,47%;0,29%;-1,27%;0,75%
08/01/2014;6,81%;0,09%;1,99%;3,25%;2,00%;0,35%;-0,14%;-2,19%;-1,70%;0,67%;-0,27%;1,97%;0,37%;1,90%;2,09%;0,90%;0,21%;0,47%;0,27%;0,91%
09/01/2014;-5,95%;0,09%;1,85%;3,25%;2,00%;0,35%;0,09%;-3,79%;-3,71%;-1,45%;-1,98%;1,72%;0,36%;1,61%;1,75%;0,60%;0,37%;0,51%;0,38%;0,40%
10/01/2014;0,34%;0,09%;1,69%;3,25%;2,00%;0,35%;0,31%;-0,47%;-0,06%;-0,19%;-0,54%;1,68%;0,32%;1,51%;1,48%;0,10%;0,65%;0,17%;-0,23%;0,12%
11/01/2014;-5,70%;0,09%;1,62%;3,25%;2,00%;0,41%;0,21%;-0,38%;-0,88%;-0,61%;-1,16%;1,61%;0,38%;1,30%;1,26%;-0,30%;0,35%;0,66%;0,78%;0,17%
12/01/2014;-3,70%;0,12%;1,45%;3,25%;2,00%;0,71%;0,33%;-2,52%;-3,49%;0,18%;-1,29%;1,23%;0,28%;1,41%;0,60%;-0,20%;0,72%;1,20%;1,64%;1,17%
01/01/2015;5,58%;0,11%;1,27%;3,25%;2,00%;0,75%;-0,48%;-6,94%;-7,61%;0,07%;-2,54%;0,65%;-0,17%;0,71%;-0,41%;-0,40%;0,62%;0,72%;1,17%;0,47%
02/01/2015;2,86%;0,11%;1,21%;3,25%;2,00%;0,82%;0,25%;-0,80%;-1,12%;1,40%;-0,40%;-0,23%;-0,61%;1,41%;-0,52%;-0,30%;0,90%;0,16%;1,18%;0,18%
03/01/2015;-6,99%;0,11%;0,95%;3,25%;1,75%;1,04%;0,94%;-3,24%;-2,14%;0,38%;0,21%;-0,09%;-0,29%;1,32%;-0,57%;-0,30%;0,11%;0,56%;1,43%;1,18%
04/01/2015;2,04%;0,12%;0,85%;3,25%;1,50%;0,99%;0,14%;4,73%;4,68%;-1,32%;3,81%;-0,02%;-0,07%;1,53%;-1,04%;-0,50%;0,33%;0,51%;0,43%;-0,04%
05/01/2015;1,27%;0,12%;1,33%;3,25%;1,50%;0,99%;1,09%;-1,03%;-0,97%;-0,95%;-0,69%;-0,10%;0,21%;1,22%;-1,27%;-0,40%;0,26%;0,47%;2,08%;-0,51%
06/01/2015;4,12%;0,13%;1,67%;3,25%;1,50%;0,93%;0,08%;1,37%;1,34%;-0,22%;0,11%;0,04%;0,60%;1,32%;-1,07%;-0,30%;0,39%;0,35%;1,99%;-1,24%
07/01/2015;4,72%;0,13%;1,53%;3,25%;1,50%;0,95%;0,05%;-1,24%;-1,40%;-3,38%;-1,78%;0,18%;0,50%;1,73%;-1,05%;-0,40%;0,41%;0,64%;1,49%;-0,20%
08/01/2015;-9,07%;0,14%;1,39%;3,25%;1,50%;1,02%;3,06%;5,18%;2,43%;0,67%;0,19%;0,23%;0,54%;2,03%;-1,19%;-0,80%;0,42%;0,23%;0,27%;0,11%
09/01/2015;-0,37%;0,14%;1,48%;3,25%;1,50%;1,30%;-0,04%;-0,33%;-0,01%;-1,52%;-0,82%;0,24%;0,44%;1,62%;-1,07%;-0,60%;0,50%;0,26%;0,21%;1,78%
10/01/2015;7,95%;0,12%;1,20%;3,25%;1,50%;1,23%;-0,72%;-2,25%;-1,67%;1,43%;0,82%;0,01%;0,20%;1,21%;-0,77%;-0,80%;0,33%;0,64%;0,09%;-0,14%
11/01/2015;-5,63%;0,12%;1,15%;2,90%;1,50%;1,13%;0,71%;-3,24%;-4,45%;0,15%;0,01%;0,13%;0,39%;1,52%;-0,97%;-0,80%;0,73%;0,60%;0,95%;0,14%
12/01/2015;1,02%;0,24%;1,19%;2,90%;1,50%;1,02%;0,05%;2,77%;1,28%;-0,59%;-0,43%;0,44%;0,13%;1,62%;-0,85%;-0,60%;0,49%;0,32%;1,33%;-0,18%
01/01/2016;-5,83%;0,34%;1,11%;2,90%;1,50%;1,13%;-1,25%;-1,39%;-2,64%;-0,40%;-1,70%;0,64%;0,25%;1,81%;-0,53%;-0,60%;1,05%;0,52%;1,73%;0,03%
02/01/2016;2,59%;0,38%;1,04%;2,90%;1,50%;1,06%;0,36%;0,70%;1,05%;0,64%;1,60%;1,24%;0,33%;2,19%;-0,50%;-0,80%;0,53%;0,50%;0,59%;0,14%
03/01/2016;0,33%;0,36%;0,93%;2,90%;1,50%;0,95%;-0,06%;4,60%;6,30%;1,39%;4,24%;0,85%;-0,12%;2,30%;-0,46%;-1,00%;0,50%;0,20%;1,51%;2,29%
04/01/2016;6,62%;0,37%;0,96%;2,90%;1,50%;0,99%;-0,09%;0,51%;0,11%;0,51%;0,22%;0,89%;-0,04%;2,31%;0,07%;-0,50%;0,66%;0,39%;-0,07%;0,56%
05/01/2016;3,35%;0,37%;0,97%;2,90%;1,50%;0,92%;0,55%;-2,24%;-3,81%;-1,90%;-1,89%;1,17%;-0,26%;2,11%;0,46%;-1,60%;0,56%;0,40%;1,14%;-0,14%
06/01/2016;2,23%;0,38%;0,88%;2,90%;1,50%;0,88%;-0,38%;-0,60%;-1,59%;1,49%;1,89%;1,08%;-0,12%;1,91%;0,38%;-0,70%;0,51%;0,26%;1,97%;-0,12%
07/01/2016;3,16%;0,39%;0,62%;2,90%;1,50%;0,87%;-0,04%;0,59%;0,72%;0,94%;0,52%;1,08%;0,05%;1,70%;0,10%;-0,70%;0,47%;0,50%;0,07%;1,02%
08/01/2016;3,43%;0,40%;0,61%;2,90%;1,50%;0,82%;0,12%;-0,13%;-0,74%;0,53%;-1,57%;0,87%;0,17%;1,29%;0,29%;-0,30%;0,67%;0,23%;1,30%;0,85%
09/01/2016;1,65%;0,40%;0,73%;2,90%;1,50%;0,79%;-0,09%;0,75%;0,89%;0,03%;-0,10%;1,06%;0,22%;1,89%;0,38%;-0,20%;0,48%;0,37%;0,36%;0,63%
10/01/2016;-1,45%;0,40%;0,77%;2,90%;1,50%;0,91%;0,01%;-2,22%;-3,74%;-1,24%;-2,02%;1,55%;0,40%;2,20%;0,34%;-0,10%;0,54%;0,25%;0,21%;1,44%
11/01/2016;-1,59%;0,41%;1,23%;2,90%;1,50%;0,92%;1,60%;-2,21%;-3,77%;-0,31%;-1,41%;1,69%;0,51%;2,30%;0,60%;0,00%;0,54%;0,64%;0,72%;0,65%
12/01/2016;-0,03%;0,54%;1,29%;2,90%;1,50%;1,13%;0,57%;-0,12%;-0,97%;0,15%;-0,45%;1,68%;0,59%;1,99%;1,13%;0,20%;0,25%;0,45%;1,28%;0,45%
01/01/2017;4,87%;0,65%;1,31%;2,90%;1,50%;0,97%;-0,79%;1,88%;2,86%;1,36%;1,93%;2,05%;1,10%;2,57%;1,55%;0,60%;0,54%;0,46%;1,67%;0,38%
02/01/2017;1,94%;0,66%;1,44%;2,90%;1,50%;0,93%;0,71%;-1,35%;-1,21%;1,14%;1,16%;2,51%;1,72%;0,78%;1,44%;0,70%;0,49%;0,51%;0,44%;-0,15%
03/01/2017;1,62%;0,79%;1,45%;2,90%;1,50%;0,97%;0,00%;0,72%;0,47%;1,72%;0,44%;2,81%;1,95%;0,98%;0,76%;0,70%;0,51%;0,61%;1,05%;1,72%
04/01/2017;-0,63%;0,90%;1,26%;2,90%;1,50%;1,03%;-0,04%;2,25%;2,14%;-0,74%;-0,02%;2,44%;1,53%;1,18%;0,38%;0,40%;0,45%;0,31%;-0,20%;0,05%
05/01/2017;2,80%;0,91%;1,17%;2,90%;1,50%;0,96%;-0,13%;3,04%;4,25%;1,48%;0,87%;2,18%;1,90%;1,67%;-0,04%;1,40%;0,43%;0,12%;0,32%;0,09%
06/01/2017;5,24%;1,04%;1,07%;2,90%;1,50%;1,07%;-0,04%;1,71%;2,17%;0,28%;0,44%;1,86%;1,38%;1,68%;-0,05%;0,50%;0,18%;0,54%;1,87%;-0,04%
07/01/2017;0,91%;1,15%;1,21%;2,90%;1,50%;1,19%;0,11%;3,63%;4,48%;2,01%;1,71%;1,64%;1,30%;1,38%;0,17%;0,60%;0,47%;0,21%;-0,14%;0,49%
08/01/2017;-0,10%;1,16%;1,04%;2,90%;1,50%;1,17%;-0,05%;0,60%;2,66%;0,31%;-0,12%;1,73%;1,34%;1,77%;0,32%;0,40%;0,43%;0,52%;0,99%;0,17%
09/01/2017;2,77%;1,15%;1,11%;2,90%;1,50%;1,20%;0,02%;-0,83%;-1,79%;-0,43%;-0,10%;1,93%;1,54%;1,66%;0,86%;0,40%;0,33%;0,25%;0,64%;0,11%
10/01/2017;4,08%;1,15%;1,15%;2,90%;1,50%;1,33%;-0,09%;-1,48%;-1,17%;0,21%;-0,48%;2,18%;1,56%;1,86%;0,86%;0,40%;0,39%;0,41%;-0,13%;0,62%
11/01/2017;13,45%;1,16%;0,95%;2,90%;1,50%;1,36%;0,02%;2,25%;2,62%;1,80%;1,07%;2,02%;1,37%;1,76%;0,99%;0,60%;0,19%;0,33%;1,00%;-0,65%
12/01/2017;3,61%;1,30%;0,88%;2,90%;1,50%;1,72%;-0,02%;0,74%;2,33%;0,25%;0,83%;2,17%;1,53%;1,85%;0,78%;0,40%;0,33%;0,29%;1,21%;0,41%
01/01/2018;12,81%;1,41%;1,03%;2,90%;1,50%;1,40%;0,00%;3,54%;7,20%;3,86%;1,91%;2,13%;1,34%;1,45%;0,68%;0,00%;0,06%;0,46%;1,81%;0,58%
02/01/2018;1,01%;1,42%;1,27%;2,90%;1,50%;1,58%;0,25%;-1,63%;-2,32%;-0,20%;-0,71%;2,15%;1,30%;2,90%;0,42%;0,50%;0,27%;0,14%;0,48%;0,00%
03/01/2018;4,72%;1,51%;1,17%;2,90%;1,50%;1,73%;0,16%;1,22%;2,12%;1,16%;1,24%;2,26%;1,11%;2,03%;0,79%;0,20%;0,42%;0,11%;0,62%;0,86%
04/01/2018;-10,58%;1,69%;1,13%;2,90%;1,50%;1,76%;-0,13%;-2,11%;-3,04%;-1,30%;-1,26%;2,33%;1,40%;1,84%;1,07%;0,10%;0,16%;0,41%;-0,13%;0,52%
05/01/2018;-7,52%;1,70%;1,23%;2,90%;1,50%;1,74%;0,18%;-3,03%;-4,20%;-1,41%;-0,71%;2,47%;1,22%;1,55%;1,49%;0,40%;0,47%;0,73%;0,31%;-0,29%
06/01/2018;-1,08%;1,82%;1,29%;2,90%;1,50%;1,78%;0,67%;0,61%;-2,55%;-2,29%;-1,19%;2,78%;1,95%;1,75%;1,38%;0,60%;0,43%;0,68%;1,56%;-0,23%
07/01/2018;-0,46%;1,91%;1,20%;2,90%;1,50%;1,75%;1,41%;1,48%;-1,30%;0,89%;1,49%;2,81%;1,97%;2,14%;1,46%;0,60%;0,27%;0,00%;0,34%;0,50%
08/01/2018;3,47%;1,91%;1,37%;2,90%;1,50%;1,70%;0,10%;-0,67%;-1,05%;1,44%;-0,66%;2,85%;2,19%;2,32%;1,62%;0,70%;0,34%;0,12%;0,70%;1,11%
09/01/2018;2,79%;1,95%;1,32%;2,90%;1,50%;1,77%;0,09%;0,15%;-0,40%;1,43%;0,51%;2,64%;2,08%;2,40%;1,33%;0,70%;0,22%;0,47%;0,73%;-0,06%
10/01/2018;-10,06%;2,19%;1,56%;2,90%;1,50%;1,96%;0,08%;-2,49%;-3,97%;-2,31%;-1,29%;2,33%;2,08%;2,50%;1,23%;0,70%;0,07%;0,45%;-0,34%;0,22%
11/01/2018;1,29%;2,20%;1,41%;2,90%;1,50%;2,04%;-0,12%;-0,08%;0,18%;0,33%;0,86%;2,49%;2,29%;2,11%;0,94%;0,30%;0,07%;0,46%;0,98%;-0,20%
12/01/2018;-3,67%;2,27%;1,21%;2,90%;1,75%;2,10%;-0,54%;0,82%;2,00%;1,40%;0,13%;2,15%;1,92%;1,91%;0,36%;0,50%;0,77%;0,34%;0,75%;0,81%
01/01/2019;2,03%;2,40%;1,20%;2,90%;1,75%;2,04%;0,03%;-0,17%;2,51%;3,66%;1,33%;2,00%;1,52%;1,71%;0,27%;0,40%;0,43%;0,32%;2,15%;0,65%
02/01/2019;6,02%;2,40%;1,12%;2,90%;1,75%;2,01%;0,00%;-0,66%;-0,59%;-1,17%;-0,48%;1,49%;1,39%;1,50%;0,73%;0,50%;0,26%;0,54%;0,08%;0,21%
03/01/2019;1,58%;2,41%;0,99%;2,90%;1,75%;2,02%;0,02%;-1,33%;-1,62%;-0,46%;-0,25%;1,52%;1,49%;2,28%;1,24%;0,60%;0,29%;0,74%;1,18%;1,52%
04/01/2019;-0,11%;2,42%;0,95%;2,90%;1,75%;1,98%;0,35%;0,33%;-0,02%;-0,18%;0,00%;1,88%;1,40%;2,57%;1,23%;0,80%;0,24%;0,59%;-0,25%;0,83%
05/01/2019;-2,02%;2,39%;0,87%;2,90%;1,75%;2,05%;0,54%;0,24%;-2,20%;1,72%;-0,45%;2,00%;1,72%;2,76%;1,15%;0,90%;0,77%;0,53%;0,34%;0,02%
06/01/2019;-1,04%;2,38%;0,57%;2,90%;1,75%;1,98%;-0,47%;1,19%;1,75%;2,26%;1,06%;1,80%;1,22%;2,67%;0,87%;0,60%;0,83%;0,44%;1,60%;-0,33%
07/01/2019;4,39%;2,40%;0,36%;2,90%;1,75%;1,81%;-0,30%;-2,88%;-3,14%;-0,37%;-1,84%;1,67%;1,27%;2,76%;0,98%;0,40%;0,55%;0,43%;-0,10%;0,01%
08/01/2019;-0,77%;2,13%;0,10%;2,90%;1,50%;1,83%;-0,19%;-0,96%;-4,71%;0,13%;-1,11%;1,83%;1,02%;2,83%;0,52%;0,50%;0,55%;0,81%;0,84%;0,62%
09/01/2019;1,27%;2,04%;0,05%;2,90%;1,50%;1,82%;0,06%;-0,76%;-0,67%;0,10%;0,44%;1,74%;1,01%;3,00%;0,32%;0,50%;0,61%;0,32%;0,72%;0,35%
10/01/2019;0,23%;1,83%;0,13%;2,90%;1,50%;1,66%;0,01%;2,32%;3,92%;1,37%;1,60%;1,68%;0,83%;3,75%;0,11%;0,40%;0,90%;0,50%;-0,15%;0,18%
11/01/2019;-2,81%;1,55%;0,30%;2,90%;1,25%;1,65%;-0,10%;-1,31%;-1,21%;-0,13%;-0,66%;1,73%;0,73%;4,51%;0,21%;0,60%;0,65%;0,39%;0,98%;0,87%
12/01/2019;-1,01%;1,55%;0,37%;2,90%;1,25%;1,73%;-0,03%;1,74%;2,74%;1,41%;1,65%;2,09%;0,96%;4,41%;0,87%;0,80%;0,40%;-0,01%;0,56%;-0,08%
01/01/2020;-2,54%;1,55%;0,32%;2,90%;1,25%;1,47%;0,22%;-0,83%;-0,46%;-4,41%;-1,24%;2,32%;1,33%;5,42%;1,05%;0,80%;0,44%;0,28%;2,62%;1,47%
02/01/2020;-5,81%;1,58%;0,13%;2,90%;1,00%;1,55%;0,08%;-0,54%;-1,31%;-0,91%;-1,97%;2,51%;1,36%;5,18%;0,74%;0,30%;0,34%;0,59%;-0,20%;0,70%
03/01/2020;-24,90%;0,65%;0,37%;2,90%;1,50%;0,84%;1,62%;1,65%;0,36%;-2,20%;-0,39%;2,34%;1,22%;4,27%;-0,54%;0,00%;3,43%;2,41%;1,55%;1,97%
04/01/2020;16,09%;0,05%;0,55%;2,90%;1,50%;0,43%;-0,80%;-1,46%;-1,17%;0,09%;-0,05%;1,52%;0,75%;3,25%;-2,99%;-0,70%;6,40%;1,46%;0,94%;3,77%
05/01/2020;12,40%;0,05%;0,48%;2,90%;0,50%;0,35%;-0,63%;0,67%;-0,39%;1,37%;-0,67%;0,35%;0,31%;2,41%;-3,44%;-0,80%;5,10%;1,29%;1,26%;-0,32%
06/01/2020;-4,55%;0,08%;0,35%;2,90%;0,50%;0,25%;-0,33%;0,87%;1,86%;2,61%;0,97%;0,22%;0,09%;2,51%;-1,57%;-0,50%;1,64%;0,63%;1,60%;1,00%
07/01/2020;-3,24%;0,09%;0,22%;2,90%;0,50%;0,28%;-0,15%;4,71%;6,07%;-1,26%;1,20%;0,70%;0,27%;1,76%;-0,98%;-0,40%;0,83%;0,47%;-0,10%;14,53%
08/01/2020;10,43%;0,10%;0,16%;2,90%;0,50%;0,26%;0,02%;1,37%;3,25%;0,60%;1,10%;1,02%;0,39%;2,39%;-0,50%;-0,40%;0,39%;0,35%;0,47%;11,41%
09/01/2020;2,67%;0,09%;0,12%;2,90%;0,50%;0,30%;0,03%;-1,80%;-0,96%;-1,65%;-0,36%;1,30%;-0,17%;1,73%;-0,70%;0,00%;1,23%;0,82%;0,45%;10,25%
10/01/2020;2,24%;0,09%;0,00%;2,90%;0,50%;0,28%;0,00%;-0,61%;0,84%;1,47%;-0,05%;1,37%;-0,31%;0,54%;-0,50%;-0,20%;0,82%;0,70%;0,30%;9,29%
11/01/2020;8,39%;0,09%;-0,06%;2,90%;0,50%;0,31%;-0,17%;2,24%;4,04%;2,66%;1,66%;1,20%;-0,28%;-0,45%;-0,41%;-0,10%;1,15%;0,74%;0,62%;8,50%
12/01/2020;10,05%;0,09%;-0,09%;2,90%;0,50%;0,37%;-0,30%;2,08%;2,88%;0,49%;1,24%;1,17%;-0,29%;0,27%;-0,27%;0,00%;0,73%;0,79%;0,74%;7,84%
01/01/2021;-4,28%;0,09%;-0,06%;2,90%;0,50%;0,37%;-0,10%;-0,73%;0,82%;0,51%;-0,68%;1,30%;-0,27%;-0,22%;-0,34%;0,20%;1,18%;0,64%;2,06%;7,27%
02/01/2021;10,59%;0,08%;0,06%;2,90%;0,50%;0,35%;-0,14%;-0,65%;-1,39%;-2,14%;-0,34%;1,40%;0,91%;-0,42%;-1,17%;0,70%;1,23%;0,63%;-0,83%;6,77%
03/01/2021;1,97%;0,07%;0,15%;2,90%;0,50%;0,38%;0,26%;-2,62%;-3,79%;-2,21%;-0,73%;1,67%;0,94%;0,32%;-0,08%;1,30%;1,22%;0,66%;2,20%;6,34%
04/01/2021;4,02%;0,07%;0,21%;2,90%;0,50%;0,35%;-0,09%;2,38%;3,63%;0,23%;1,00%;2,62%;1,33%;0,92%;3,41%;2,10%;1,65%;0,37%;0,30%;5,97%
05/01/2021;7,15%;0,06%;0,38%;2,90%;0,50%;0,33%;-0,06%;1,66%;3,32%;-0,22%;0,62%;4,15%;1,62%;1,64%;2,44%;2,40%;1,51%;0,65%;0,05%;5,63%
06/01/2021;6,06%;0,08%;0,30%;2,90%;0,50%;0,32%;-0,11%;-3,14%;-4,45%;-2,70%;-1,88%;4,93%;1,98%;1,24%;1,25%;2,40%;0,21%;0,56%;1,79%;5,33%
07/01/2021;-6,99%;0,10%;0,16%;2,90%;0,50%;0,34%;-0,28%;-0,15%;-0,22%;-2,92%;-0,96%;5,32%;1,90%;1,91%;0,45%;2,50%;0,74%;0,64%;0,18%;5,06%
08/01/2021;1,64%;0,09%;0,06%;2,90%;0,50%;0,34%;-0,76%;-1,29%;-1,28%;1,30%;-0,05%;5,26%;2,16%;0,64%;-0,02%;2,40%;1,02%;0,56%;0,20%;4,82%
09/01/2021;0,80%;0,08%;0,20%;2,90%;0,50%;0,33%;-0,11%;-2,02%;-1,79%;-4,41%;-1,04%;5,18%;2,96%;0,46%;1,68%;2,50%;0,62%;0,58%;0,35%;4,60%
10/01/2021;7,62%;0,08%;0,35%;2,90%;0,50%;0,45%;0,00%;-0,17%;0,45%;1,14%;0,62%;5,36%;3,36%;1,43%;2,38%;3,20%;0,86%;0,53%;0,39%;4,39%
11/01/2021;2,37%;0,08%;0,31%;2,90%;0,50%;0,46%;-0,27%;-2,21%;-1,58%;-1,52%;-1,39%;6,22%;4,05%;2,48%;2,71%;3,80%;0,82%;0,34%;0,99%;4,21%
12/01/2021;1,34%;0,08%;0,28%;2,90%;0,50%;0,49%;0,60%;0,89%;1,08%;2,06%;1,73%;6,86%;4,87%;1,44%;2,17%;4,00%;0,84%;0,65%;0,74%;4,04%
01/01/2022;-1,29%;0,08%;0,53%;2,90%;0,50%;0,67%;-0,79%;-1,97%;-2,10%;-0,76%;-0,94%;7,18%;4,96%;0,99%;3,23%;4,00%;0,27%;0,69%;1,87%;3,88%
02/01/2022;0,76%;0,08%;0,94%;2,90%;0,50%;0,67%;0,71%;0,58%;1,41%;2,40%;0,45%;7,57%;5,11%;0,99%;5,28%;4,30%;0,26%;0,56%;-0,37%;3,74%
03/01/2022;0,14%;0,20%;1,05%;2,90%;0,50%;1,00%;0,14%;-1,23%;-1,71%;-1,69%;0,12%;7,95%;5,87%;1,49%;5,73%;5,40%;0,49%;0,50%;2,95%;3,60%
04/01/2022;-8,40%;0,33%;1,57%;2,90%;0,50%;1,64%;0,54%;-4,22%;-8,11%;-2,28%;-1,54%;8,55%;7,44%;2,18%;4,65%;5,40%;0,01%;0,38%;-0,25%;3,48%
05/01/2022;-5,42%;0,77%;1,87%;2,90%;0,50%;1,75%;0,97%;2,81%;1,83%;0,79%;1,98%;8,25%;7,44%;2,09%;7,10%;5,60%;-0,14%;0,34%;0,51%;3,36%
06/01/2022;-7,36%;1,21%;2,44%;2,90%;0,50%;2,29%;0,30%;-2,04%;-2,43%;-2,54%;-1,11%;8,53%;8,05%;2,49%;7,66%;6,70%;-0,19%;0,45%;2,53%;3,25%
07/01/2022;0,73%;1,68%;2,09%;2,90%;0,50%;2,80%;0,34%;-2,18%;-2,84%;-2,39%;1,01%;8,99%;8,64%;2,69%;7,61%;7,00%;-0,03%;0,61%;0,72%;3,15%
08/01/2022;6,15%;2,33%;2,06%;2,90%;0,75%;2,88%;0,49%;-1,09%;-3,18%;-0,14%;-0,71%;8,45%;8,87%;2,49%;7,86%;7,50%;-0,11%;0,76%;0,47%;3,05%
09/01/2022;-11,59%;2,56%;2,81%;2,90%;1,00%;3,22%;1,73%;-0,88%;-4,01%;-1,64%;-0,97%;8,22%;9,14%;2,78%;6,41%;7,50%;-0,37%;0,42%;0,89%;2,96%
10/01/2022;-9,20%;3,08%;3,19%;2,90%;1,00%;3,67%;4,13%;5,02%;2,32%;3,36%;5,56%;8,20%;9,93%;2,17%;5,98%;6,70%;-0,31%;-0,43%;0,57%;2,88%
11/01/2022;1,99%;3,78%;2,93%;2,90%;1,25%;3,76%;-0,85%;4,39%;7,54%;7,46%;3,11%;7,75%;10,62%;1,57%;5,55%;6,70%;-0,31%;-0,26%;0,90%;2,80%
12/01/2022;-3,94%;4,10%;3,00%;2,90%;1,25%;4,20%;-4,14%;-1,41%;1,32%;-2,76%;-2,60%;7,12%;10,05%;1,78%;5,89%;6,50%;-0,45%;-0,45%;0,47%;2,72%
01/01/2023;10,34%;4,33%;3,04%;2,90%;1,50%;3,87%;-0,70%;0,79%;2,92%;4,65%;1,28%;6,41%;9,20%;2,06%;5,02%;6,60%;-0,40%;0,04%;2,42%;2,65%
02/01/2023;-7,78%;4,57%;3,22%;2,90%;1,50%;3,88%;1,26%;-1,41%;-3,95%;-5,58%;-1,34%;6,36%;8,64%;0,98%;3,79%;6,30%;-0,34%;-0,27%;-0,91%;2,58%
03/01/2023;3,90%;4,65%;3,23%;2,90%;1,75%;3,57%;-1,22%;1,24%;2,19%;1,84%;0,08%;5,97%;8,50%;0,68%;2,83%;5,50%;-1,17%;-0,22%;3,69%;2,52%
04/01/2023;-1,46%;4,83%;3,19%;2,90%;1,75%;3,51%;0,00%;1,67%;1,03%;0,12%;-0,31%;4,94%;6,88%;0,10%;2,67%;5,70%;-0,76%;-0,30%;0,02%;2,45%
05/01/2023;2,48%;5,06%;3,21%;2,90%;2,00%;3,60%;0,15%;-2,87%;-5,60%;-1,35%;-1,08%;4,94%;6,95%;0,19%;0,53%;5,10%;0,45%;-0,15%;0,33%;2,39%
06/01/2023;4,19%;5,08%;3,16%;2,90%;2,00%;3,68%;0,38%;2,47%;0,48%;-1,41%;0,33%;4,12%;6,09%;0,00%;0,23%;4,50%;-0,08%;-0,10%;2,25%;2,34%
07/01/2023;9,17%;5,12%;3,27%;2,90%;2,00%;3,71%;0,45%;1,24%;2,78%;3,56%;2,16%;3,05%;5,50%;-0,29%;0,38%;4,10%;-0,13%;-0,33%;0,00%;2,29%
08/01/2023;0,09%;5,33%;3,34%;2,90%;2,25%;3,63%;1,60%;0,17%;-1,42%;-0,63%;-0,02%;3,27%;5,28%;0,10%;0,88%;4,00%;-0,14%;-0,17%;0,20%;2,23%
09/01/2023;-5,71%;5,33%;3,51%;2,90%;2,50%;3,83%;0,91%;-1,61%;-2,18%;-3,31%;-0,18%;3,72%;5,22%;0,00%;0,30%;4,10%;-0,26%;0,34%;0,35%;2,19%
10/01/2023;-10,91%;5,33%;3,72%;2,90%;2,50%;3,90%;1,15%;1,21%;1,01%;2,19%;0,88%;3,69%;4,31%;-0,19%;-0,31%;4,70%;-0,09%;-0,30%;0,48%;2,14%
11/01/2023;6,41%;5,33%;3,42%;2,90%;2,50%;3,78%;-1,26%;1,62%;4,18%;1,06%;1,12%;3,25%;2,88%;-0,48%;-0,44%;3,60%;0,06%;0,14%;0,62%;2,09%
12/01/2023;3,27%;5,33%;2,87%;2,90%;2,50%;3,78%;0,04%;1,43%;1,97%;2,84%;1,38%;3,14%;2,37%;-0,29%;-0,83%;3,70%;0,23%;0,60%;0,47%;2,05%
01/01/2024;3,04%;5,33%;2,90%;2,90%;2,50%;3,45%;0,64%;-1,37%;-2,32%;-2,70%;-0,90%;3,32%;2,90%;-0,87%;-1,11%;2,90%;0,00%;-0,45%;2,14%;2,01%
02/01/2024;7,59%;5,33%;3,02%;2,90%;2,50%;3,44%;0,92%;0,80%;0,51%;-0,06%;0,50%;3,11%;2,75%;0,68%;-0,77%;3,40%;-0,04%;0,21%;-1,18%;1,97%
03/01/2024;2,50%;5,33%;2,95%;2,90%;2,50%;3,45%;0,69%;0,58%;0,12%;-0,67%;0,42%;3,17%;2,57%;0,10%;-0,47%;2,70%;0,44%;0,23%;2,74%;1,93%
04/01/2024;-5,81%;5,33%;3,07%;2,90%;2,50%;3,57%;2,10%;0,89%;0,62%;-0,13%;0,91%;3,48%;2,41%;0,19%;0,19%;2,70%;0,12%;0,05%;0,02%;1,90%
05/01/2024;4,32%;5,33%;3,12%;2,90%;2,50%;3,57%;0,43%;2,10%;2,08%;1,55%;1,48%;3,36%;2,36%;0,29%;1,54%;3,10%;0,43%;0,30%;-0,04%;1,86%
06/01/2024;-1,30%;5,33%;3,17%;2,90%;2,50%;3,57%;0,02%;-1,15%;-1,50%;0,27%;-0,26%;3,25%;2,55%;0,19%;0,62%;2,40%;0,35%;0,71%;1,22%;1,83%
;;;;;;;;;;;;;;;;;;;;
;;;;;;;;;;;;;;;;;;;;
;;;;;;;;;;;;;;;;;;;;
;;;;;;;;;;;;;;;;;;;;
;;;;;;;;;;;;;;;;;;;;
;;;;;;;;;;;;;;;;;;;;
